{
  "project_info": {
    "project_number": "325528908601",
    "project_id": "appfirebase-c11db",
    "storage_bucket": "appfirebase-c11db.firebasestorage.app"
  },
  "client": [
    {
      "client_info": {
        "mobilesdk_app_id": "1:325528908601:android:58b0ca852a31f0aabb2ee8",
        "android_client_info": {
          "package_name": "com.chavez.app"
        }
      },
      "oauth_client": [],
      "api_key": [
        {
          "current_key": "AIzaSyCMsdVCj3fF0KT41aeSvTl-jyvMmVBngR4"
        }
      ],
      "services": {
        "appinvite_service": {
          "other_platform_oauth_client": []
        }
      }
    }
  ],
  "configuration_version": "1"
}