{"flutter":{"platforms":{"android":{"default":{"projectId":"appfirebase-c11db","appId":"1:325528908601:android:58b0ca852a31f0aabb2ee8","fileOutput":"android/app/google-services.json"}},"dart":{"lib/firebase_options.dart":{"projectId":"appfirebase-c11db","configurations":{"android":"1:325528908601:android:58b0ca852a31f0aabb2ee8","ios":"1:325528908601:ios:4e78491161a9996bbb2ee8","macos":"1:325528908601:ios:4e78491161a9996bbb2ee8","web":"1:325528908601:web:97f564bd24938fd3bb2ee8","windows":"1:325528908601:web:5c74f4f95bfaa44dbb2ee8"}}}}}}